record_number,region,residence_type,family_composition,sex,age,marital_status,student,country_of_birth,health,ethnic_group,religion,economic_activity,occupation,industry,hours_worked_per_week,approximate_social_grade
164,S92000003,P,1,2,2,1,1,1,2,1,1,4,X,X,X,2
190,S92000003,P,2,2,2,1,2,1,2,1,1,3,X,X,X,2
199,S92000003,P,1,2,2,1,1,1,2,1,1,4,X,X,X,4
261,S92000003,C,X,2,8,5,2,1,3,1,2,5,X,X,X,X
400,S92000003,P,0,2,8,5,2,1,4,1,2,5,X,X,X,4
503,S92000003,P,1,2,2,1,2,1,2,1,2,3,X,X,X,3
524,S92000003,C,X,1,8,2,2,1,3,1,9,5,X,X,X,X
530,S92000003,P,0,2,8,2,2,1,2,3,2,5,X,X,X,4
533,S92000003,P,3,1,2,1,2,1,2,1,1,3,X,X,X,4
627,S92000003,P,4,2,8,5,2,1,4,1,2,5,X,X,X,4
713,S92000003,P,1,2,7,2,2,1,4,1,2,5,X,X,X,3
862,S92000003,C,X,2,2,1,1,2,2,3,1,4,X,X,X,X
934,S92000003,P,4,2,2,1,2,1,1,1,9,3,X,X,X,4
935,S92000003,P,2,1,2,1,2,1,2,1,1,3,X,X,X,2
1007,S92000003,P,1,2,7,2,2,1,3,1,2,5,X,X,X,4
1024,S92000003,P,1,1,2,1,2,1,1,1,1,3,X,X,X,3
1073,S92000003,P,4,1,2,1,2,1,1,1,2,3,X,X,X,4
1075,S92000003,C,X,1,2,1,1,1,1,1,1,4,X,X,X,X
1211,S92000003,P,4,2,2,1,1,1,1,1,2,4,X,X,X,4
1601,S92000003,C,X,2,2,1,1,2,1,3,1,4,X,X,X,X
1616,S92000003,P,4,1,2,1,1,1,1,1,1,4,X,X,X,2
1755,S92000003,P,0,1,2,1,2,2,2,6,1,3,X,X,X,2
1822,S92000003,P,0,1,4,1,2,1,2,1,2,3,X,X,X,4
1919,S92000003,P,1,2,8,2,2,1,3,1,2,5,X,X,X,4
1992,S92000003,P,1,2,2,1,1,1,2,1,2,4,X,X,X,3
2024,S92000003,P,1,1,2,1,2,1,3,1,2,3,X,X,X,4
2026,S92000003,P,4,1,2,1,2,1,1,1,1,3,X,X,X,4
2029,S92000003,P,3,1,2,1,2,1,1,1,9,3,X,X,X,4
2098,S92000003,P,4,2,2,1,2,1,1,1,1,3,X,X,X,2
2163,S92000003,P,0,2,8,5,2,1,5,1,2,5,X,X,X,4
2165,S92000003,P,2,2,8,5,2,1,2,1,2,5,X,X,X,4
2302,S92000003,P,1,2,2,1,2,1,1,1,2,3,X,X,X,3
2358,S92000003,P,0,2,8,5,2,1,3,1,2,5,X,X,X,4
2589,S92000003,P,2,1,5,1,2,1,1,1,1,3,X,X,X,4
2689,S92000003,P,1,1,2,1,2,1,2,1,2,3,X,X,X,4
2713,S92000003,P,1,2,2,1,2,1,1,1,1,3,X,X,X,4
2798,S92000003,P,1,2,2,1,2,1,1,1,2,3,X,X,X,2
2837,S92000003,C,X,2,8,2,2,1,3,1,2,5,X,X,X,X
2950,S92000003,P,4,2,7,5,2,2,4,3,6,5,X,X,X,4
2970,S92000003,P,3,1,3,1,2,1,2,1,2,3,X,X,X,4
3007,S92000003,P,4,2,2,1,2,1,2,1,2,3,X,X,X,3
3055,S92000003,P,4,1,2,1,2,1,1,1,2,3,X,X,X,4
3086,S92000003,P,0,2,8,5,2,1,3,1,2,5,X,X,X,4
3133,S92000003,P,4,2,8,5,2,1,3,1,2,5,X,X,X,4
3359,S92000003,P,1,1,2,1,2,1,2,1,1,3,X,X,X,2
3508,S92000003,P,1,1,2,1,2,1,1,1,2,3,X,X,X,1
3525,S92000003,P,0,2,8,5,2,1,3,1,1,5,X,X,X,4
3546,S92000003,P,0,2,6,1,2,1,2,1,2,5,X,X,X,4
3584,S92000003,P,4,2,3,1,2,2,1,1,1,3,X,X,X,4
3673,S92000003,P,0,1,5,1,2,1,1,1,2,3,X,X,X,3
3740,S92000003,P,1,2,8,2,2,1,2,1,2,5,X,X,X,3
3820,S92000003,C,X,2,8,5,2,1,3,1,2,5,X,X,X,X
4074,S92000003,P,4,2,8,5,2,1,5,1,2,5,X,X,X,4
4117,S92000003,P,0,2,8,5,2,1,3,1,2,5,X,X,X,4
4216,S92000003,P,4,1,2,1,2,1,1,1,1,3,X,X,X,2
4277,S92000003,P,1,1,2,1,2,1,1,1,1,3,X,X,X,1
4294,S92000003,P,1,2,2,1,2,1,2,1,2,3,X,X,X,2
4371,S92000003,P,1,2,2,1,2,1,1,1,2,3,X,X,X,1
4382,S92000003,P,0,2,6,3,2,1,2,1,2,5,X,X,X,4
4414,S92000003,P,4,2,2,1,2,1,2,1,1,3,X,X,X,4
4431,S92000003,P,0,2,2,1,2,1,3,1,2,3,X,X,X,4
4480,S92000003,P,4,2,8,5,2,2,4,3,6,5,X,X,X,4
4490,S92000003,C,X,1,7,2,2,1,4,1,9,5,X,X,X,X
4588,S92000003,P,2,2,2,1,1,1,1,1,1,4,X,X,X,4
4641,S92000003,P,0,2,8,4,2,2,3,3,7,5,X,X,X,4
4685,S92000003,P,4,1,2,1,1,2,1,1,1,4,X,X,X,3
4732,S92000003,P,4,1,2,1,1,1,1,1,2,4,X,X,X,4
4763,S92000003,P,4,2,3,1,2,1,1,1,2,3,X,X,X,4
4797,S92000003,P,1,1,2,1,2,1,3,1,2,3,X,X,X,4
4850,S92000003,P,0,2,8,5,2,1,4,1,2,5,X,X,X,4
5147,S92000003,P,0,2,8,5,2,1,3,1,2,5,X,X,X,4
5278,S92000003,P,1,1,2,1,2,1,1,5,1,3,X,X,X,2
5344,S92000003,P,1,1,2,1,2,1,1,1,2,3,X,X,X,4
5387,S92000003,P,1,2,2,1,2,1,1,1,9,3,X,X,X,1
5395,S92000003,P,1,2,7,2,2,2,3,3,6,5,X,X,X,2
5416,S92000003,P,0,2,7,4,2,1,5,1,2,5,X,X,X,4
5463,S92000003,P,5,2,3,2,2,2,2,2,6,3,X,X,X,4
5474,S92000003,P,4,1,2,1,1,1,3,1,2,4,X,X,X,3
5483,S92000003,P,4,1,3,1,2,1,1,1,2,3,X,X,X,4
5578,S92000003,P,4,2,2,1,2,1,1,1,2,3,X,X,X,2
5773,S92000003,P,0,1,7,5,2,1,2,1,2,5,X,X,X,4
5984,S92000003,P,0,1,2,1,2,1,2,1,1,3,X,X,X,4
6024,S92000003,P,2,1,2,1,2,1,1,1,1,3,X,X,X,2
6132,S92000003,P,1,2,2,1,2,1,2,1,1,3,X,X,X,4
6177,S92000003,P,4,2,2,1,2,1,1,1,2,3,X,X,X,4
6303,S92000003,P,4,2,2,1,1,1,2,1,2,4,X,X,X,1
6415,S92000003,P,1,1,2,1,2,1,1,1,2,5,X,X,X,4
6436,S92000003,C,X,2,8,5,2,1,3,1,2,5,X,X,X,X
6452,S92000003,C,X,1,8,2,2,1,3,1,2,5,X,X,X,X
6507,S92000003,P,0,1,2,1,2,1,3,1,1,3,X,X,X,4
6675,S92000003,P,4,1,2,1,2,1,2,1,1,3,X,X,X,4
6788,S92000003,P,1,1,2,1,1,1,1,1,1,4,X,X,X,4
6825,S92000003,P,0,2,8,5,2,1,3,1,2,5,X,X,X,4
6852,S92000003,P,1,2,2,1,1,1,1,1,2,4,X,X,X,1
6881,S92000003,P,4,1,2,1,2,1,1,1,1,3,X,X,X,4
6979,S92000003,P,0,2,8,5,2,1,2,1,2,5,X,X,X,4
7037,S92000003,P,1,2,2,1,2,1,1,1,2,3,X,X,X,4
7164,S92000003,P,0,2,2,1,1,1,1,1,1,4,X,X,X,2
7218,S92000003,P,1,2,7,2,2,1,5,1,2,5,X,X,X,4
7233,S92000003,P,4,1,2,1,2,1,1,1,2,3,X,X,X,2
7365,S92000003,P,4,1,2,1,1,2,1,4,1,4,X,X,X,2
7379,S92000003,C,X,2,8,5,2,1,4,1,2,5,X,X,X,X
7498,S92000003,P,4,1,2,1,1,1,1,1,1,4,X,X,X,4
7525,S92000003,P,0,2,8,5,2,1,3,1,2,5,X,X,X,4
7602,S92000003,P,1,1,2,1,2,1,2,1,1,3,X,X,X,3
7653,S92000003,P,4,1,2,1,2,1,3,1,1,3,X,X,X,4
7690,S92000003,P,0,2,8,5,2,1,3,1,1,5,X,X,X,4
7729,S92000003,P,0,2,8,5,2,1,3,1,2,5,X,X,X,4
7923,S92000003,P,0,2,8,5,2,1,4,1,2,5,X,X,X,4
8001,S92000003,P,4,1,2,1,1,1,2,1,1,4,X,X,X,2
8040,S92000003,P,0,2,8,5,2,1,3,1,9,5,X,X,X,4
8360,S92000003,P,1,2,2,1,1,1,2,1,1,4,X,X,X,4
8466,S92000003,C,X,2,8,2,2,1,4,1,2,5,X,X,X,X
8501,S92000003,C,X,2,8,5,2,1,1,1,2,5,X,X,X,X
8556,S92000003,P,1,2,3,1,2,2,3,1,2,3,X,X,X,3
8585,S92000003,P,4,2,4,1,2,1,4,1,2,3,X,X,X,4
8601,S92000003,P,0,1,7,5,2,1,4,3,2,5,X,X,X,4
8675,S92000003,P,1,2,8,2,2,1,3,1,2,5,X,X,X,4
8683,S92000003,P,4,1,2,1,2,1,2,1,2,3,X,X,X,2
8723,S92000003,P,1,1,2,1,2,1,1,1,2,3,X,X,X,3
8763,S92000003,P,1,2,2,1,1,1,1,1,2,4,X,X,X,1
8775,S92000003,P,4,2,2,1,2,1,1,1,2,3,X,X,X,3
8829,S92000003,P,0,1,7,1,2,1,3,1,9,5,X,X,X,4
9049,S92000003,P,4,2,2,1,2,1,2,1,1,3,X,X,X,4
9178,S92000003,P,4,2,7,5,2,1,4,1,2,5,X,X,X,4
9402,S92000003,P,2,2,5,1,2,1,3,1,1,3,X,X,X,4
9437,S92000003,P,2,2,2,1,2,1,3,1,1,3,X,X,X,4
9459,S92000003,P,2,2,2,1,2,1,1,1,1,3,X,X,X,3
9551,S92000003,P,1,1,2,1,1,1,1,1,2,4,X,X,X,1
9687,S92000003,P,0,2,2,1,2,1,1,1,1,3,X,X,X,4
9705,S92000003,P,0,1,5,1,2,1,3,1,1,3,X,X,X,4
9830,S92000003,P,0,2,8,5,2,1,2,1,2,5,X,X,X,4
9863,S92000003,C,X,2,8,5,2,1,2,1,2,5,X,X,X,X
9877,S92000003,P,0,2,3,1,2,1,4,1,1,3,X,X,X,4
9931,S92000003,P,1,2,8,2,2,1,2,1,2,5,X,X,X,1
9994,S92000003,C,X,2,8,5,2,1,2,1,9,5,X,X,X,X
10158,S92000003,C,X,2,7,1,2,1,2,1,2,5,X,X,X,X
10209,S92000003,P,4,1,2,1,1,1,2,1,1,4,X,X,X,4
10222,S92000003,P,1,2,8,2,2,1,3,1,2,5,X,X,X,2
10327,S92000003,P,0,2,2,1,1,1,3,1,1,4,X,X,X,2
10332,S92000003,C,X,2,2,1,1,2,2,3,2,4,X,X,X,X
10346,S92000003,C,X,2,8,5,2,1,5,1,2,5,X,X,X,X
10565,S92000003,P,4,2,2,1,1,1,1,1,1,4,X,X,X,4
10660,S92000003,P,1,2,2,1,2,1,2,1,2,3,X,X,X,3
10727,S92000003,P,1,1,2,1,1,1,1,1,2,4,X,X,X,4
10830,S92000003,P,0,2,8,5,2,2,2,3,6,5,X,X,X,2
10879,S92000003,P,5,1,2,1,1,2,1,1,2,4,X,X,X,4
10952,S92000003,P,4,1,2,1,1,1,1,3,6,4,X,X,X,4
11062,S92000003,P,0,2,7,4,2,1,2,1,1,5,X,X,X,4
11074,S92000003,P,1,1,2,1,2,1,1,1,2,3,X,X,X,4
11163,S92000003,P,5,2,2,1,1,2,1,4,2,4,X,X,X,3
11340,S92000003,P,5,2,3,1,1,2,1,1,1,4,X,X,X,2
11391,S92000003,P,0,1,6,1,2,1,4,1,2,5,X,X,X,4
11439,S92000003,P,1,2,2,1,2,1,2,1,1,3,X,X,X,4
11571,S92000003,P,3,1,2,1,1,1,1,1,1,4,X,X,X,1
11647,S92000003,C,X,2,8,5,2,1,5,1,9,5,X,X,X,X
11680,S92000003,P,0,2,8,5,2,1,1,1,2,5,X,X,X,4
11697,S92000003,P,1,1,2,1,1,1,1,1,9,4,X,X,X,2
11703,S92000003,P,4,2,2,1,2,1,1,1,1,3,X,X,X,4
11766,S92000003,P,1,1,2,1,2,1,2,1,2,3,X,X,X,4
11865,S92000003,P,2,1,2,1,2,1,2,1,1,3,X,X,X,3
11900,S92000003,P,2,2,2,1,1,1,1,1,1,4,X,X,X,2
12035,S92000003,C,X,2,8,5,2,1,3,1,9,5,X,X,X,X
12036,S92000003,C,X,1,8,5,2,1,3,1,9,5,X,X,X,X
12050,S92000003,P,0,2,8,4,2,1,4,1,2,5,X,X,X,4
12298,S92000003,P,0,2,7,5,2,1,3,1,2,5,X,X,X,4
12326,S92000003,P,1,1,2,1,2,1,2,1,2,3,X,X,X,2
12379,S92000003,C,X,2,8,5,2,1,3,1,2,5,X,X,X,X
12487,S92000003,P,0,1,3,1,2,1,2,1,1,3,X,X,X,4
12788,S92000003,P,0,2,8,5,2,1,4,1,2,5,X,X,X,4
12808,S92000003,P,5,1,2,1,1,2,1,3,6,4,X,X,X,2
12955,S92000003,P,1,2,6,2,2,2,5,3,2,5,X,X,X,4
13009,S92000003,P,1,2,2,1,2,1,1,1,1,3,X,X,X,2
13063,S92000003,P,1,2,8,2,2,1,3,1,1,5,X,X,X,4
13186,S92000003,P,0,1,7,1,2,1,3,1,2,5,X,X,X,4
13300,S92000003,P,4,1,2,1,1,1,1,1,2,4,X,X,X,3
13319,S92000003,P,0,2,8,5,2,2,3,3,6,5,X,X,X,1
13448,S92000003,P,4,2,2,1,2,1,3,1,1,3,X,X,X,4
13555,S92000003,P,4,2,2,1,2,1,1,1,2,3,X,X,X,1
13685,S92000003,P,0,2,8,5,2,1,3,1,2,5,X,X,X,4
13715,S92000003,C,X,1,8,5,2,1,3,1,9,5,X,X,X,X
13718,S92000003,P,2,1,5,1,2,1,3,1,9,3,X,X,X,4
13730,S92000003,P,4,1,2,1,2,1,2,1,1,3,X,X,X,4
13735,S92000003,P,4,1,2,1,1,1,1,1,1,4,X,X,X,4
13786,S92000003,P,1,1,2,1,2,1,1,1,2,3,X,X,X,2
13923,S92000003,C,X,2,8,5,2,1,3,1,2,5,X,X,X,X
14128,S92000003,P,0,2,2,1,2,1,1,1,1,3,X,X,X,4
14158,S92000003,P,1,2,2,1,2,1,2,1,1,3,X,X,X,3
14299,S92000003,P,0,2,8,5,2,1,5,1,1,5,X,X,X,4
14337,S92000003,P,1,2,2,1,1,1,2,1,2,4,X,X,X,3
14357,S92000003,P,1,1,2,1,2,1,1,1,1,3,X,X,X,4
14371,S92000003,P,1,2,6,2,2,1,3,1,2,5,X,X,X,3
14458,S92000003,C,X,2,8,2,2,1,3,1,9,5,X,X,X,X
14533,S92000003,P,1,2,4,2,2,1,3,1,2,3,X,X,X,4
14750,S92000003,P,0,1,3,1,1,2,1,3,1,4,X,X,X,2
14814,S92000003,P,0,2,8,5,2,1,2,1,2,5,X,X,X,4
14856,S92000003,P,1,2,2,1,2,1,1,1,1,3,X,X,X,3
14874,S92000003,P,0,2,2,1,2,1,2,1,1,3,X,X,X,4
14958,S92000003,P,1,2,7,2,2,1,3,1,2,5,X,X,X,4
15016,S92000003,P,0,2,7,4,2,1,3,1,2,5,X,X,X,4
15164,S92000003,P,1,2,2,1,1,1,1,1,1,4,X,X,X,1
15168,S92000003,P,4,1,2,1,2,1,1,1,1,3,X,X,X,4
15277,S92000003,P,1,2,8,2,2,1,1,1,2,5,X,X,X,4
15291,S92000003,P,1,2,2,1,1,1,1,1,2,4,X,X,X,4
15316,S92000003,P,0,2,8,5,2,1,2,1,2,5,X,X,X,4
15344,S92000003,P,4,1,2,1,1,2,1,4,2,4,X,X,X,2
15466,S92000003,C,X,1,8,1,2,1,5,1,1,5,X,X,X,X
15801,S92000003,P,0,2,8,5,2,1,2,1,2,5,X,X,X,4
15891,S92000003,P,4,1,2,1,2,1,2,1,2,3,X,X,X,4
15992,S92000003,P,0,2,8,5,2,1,2,1,2,5,X,X,X,4
16008,S92000003,P,0,2,8,5,2,1,2,1,2,5,X,X,X,4
16089,S92000003,P,2,1,7,2,2,2,4,3,7,5,X,X,X,4
16098,S92000003,P,1,1,2,1,1,1,1,1,1,4,X,X,X,2
16170,S92000003,P,4,2,2,1,2,1,2,3,6,3,X,X,X,4
16188,S92000003,P,4,2,2,1,1,1,3,1,1,4,X,X,X,4
16205,S92000003,P,0,2,8,5,2,1,1,1,1,5,X,X,X,4
16207,S92000003,P,3,2,2,1,1,1,1,3,1,4,X,X,X,3
16231,S92000003,P,0,2,7,1,2,1,1,1,2,5,X,X,X,4
16558,S92000003,P,2,2,2,1,2,1,1,1,1,3,X,X,X,4
16604,S92000003,P,0,2,2,1,1,1,1,1,2,4,X,X,X,2
16657,S92000003,P,1,1,2,1,1,1,1,1,1,4,X,X,X,4
16677,S92000003,P,0,2,2,1,2,1,1,1,9,3,X,X,X,4
16683,S92000003,P,0,2,8,5,2,1,3,1,2,5,X,X,X,4
16743,S92000003,P,1,1,2,1,2,1,1,1,2,3,X,X,X,4
16800,S92000003,P,4,2,7,5,2,1,2,1,2,5,X,X,X,4
16814,S92000003,P,4,2,2,1,2,1,1,1,1,3,X,X,X,2
17007,S92000003,C,X,2,8,5,2,1,3,1,2,5,X,X,X,X
17100,S92000003,P,4,1,3,1,2,1,1,1,2,3,X,X,X,1
17326,S92000003,P,0,2,8,5,2,1,2,1,2,5,X,X,X,4
17350,S92000003,P,1,1,2,1,2,1,1,1,1,3,X,X,X,4
17368,S92000003,P,4,2,8,1,2,1,4,1,1,5,X,X,X,4
17390,S92000003,P,3,1,7,1,2,1,2,1,1,5,X,X,X,4
17412,S92000003,P,1,1,2,1,2,1,1,1,2,3,X,X,X,4
17550,S92000003,P,0,2,7,5,2,1,2,1,2,5,X,X,X,4
17590,S92000003,P,4,2,7,5,2,1,4,1,2,5,X,X,X,4
17769,S92000003,P,0,1,2,1,1,1,2,1,1,4,X,X,X,2
17914,S92000003,P,4,2,2,1,2,1,1,1,2,3,X,X,X,4
17968,S92000003,P,0,2,8,5,2,1,2,1,2,5,X,X,X,4
18056,S92000003,P,3,1,2,1,2,1,1,1,8,3,X,X,X,2
18064,S92000003,P,4,1,2,1,1,1,1,1,1,4,X,X,X,2
18077,S92000003,P,4,1,2,1,1,1,1,1,2,4,X,X,X,4
18094,S92000003,P,0,2,6,4,2,1,3,1,2,5,X,X,X,4
18256,S92000003,P,1,2,7,2,2,1,3,1,2,5,X,X,X,3
18356,S92000003,C,X,2,8,5,2,1,3,1,2,5,X,X,X,X
18360,S92000003,P,0,1,2,1,1,2,1,3,4,4,X,X,X,2
18509,S92000003,P,0,2,6,4,2,1,2,1,2,5,X,X,X,4
18522,S92000003,P,4,2,7,4,2,1,3,1,1,5,X,X,X,4
18563,S92000003,P,0,2,2,1,1,2,2,4,2,4,X,X,X,2
18701,S92000003,P,0,2,8,5,2,1,3,1,2,5,X,X,X,4
18735,S92000003,C,X,2,8,5,2,1,3,1,2,5,X,X,X,X
18793,S92000003,P,0,2,8,5,2,1,3,1,2,5,X,X,X,4
18886,S92000003,P,0,2,8,5,2,1,4,1,2,5,X,X,X,4
19169,S92000003,P,2,1,2,1,2,1,2,1,1,3,X,X,X,2
19209,S92000003,P,1,1,2,1,2,1,1,1,1,3,X,X,X,4
19307,S92000003,P,0,2,8,5,2,1,3,1,2,5,X,X,X,4
19541,S92000003,P,0,1,8,5,2,1,3,1,2,5,X,X,X,4
19572,S92000003,P,0,2,8,5,2,1,2,1,2,5,X,X,X,4
19659,S92000003,P,1,2,2,1,2,1,1,1,2,3,X,X,X,2
19744,S92000003,P,1,2,2,1,2,1,1,1,2,3,X,X,X,2
19809,S92000003,P,1,2,2,1,1,1,2,1,1,4,X,X,X,3
19839,S92000003,P,4,2,3,1,1,1,2,1,2,4,X,X,X,2
19890,S92000003,P,2,1,2,1,2,1,1,1,9,3,X,X,X,4
19946,S92000003,P,4,2,2,1,2,1,1,1,1,3,X,X,X,2
20113,S92000003,P,0,2,8,5,2,1,3,1,9,5,X,X,X,4
20154,S92000003,P,1,2,2,2,2,2,1,3,1,3,X,X,X,4
20158,S92000003,C,X,1,2,1,1,2,1,3,4,4,X,X,X,X
20163,S92000003,P,3,1,2,1,2,1,1,1,2,3,X,X,X,4
20199,S92000003,P,4,1,2,1,2,1,1,1,9,3,X,X,X,2
20254,S92000003,P,5,1,3,1,2,1,2,1,2,3,X,X,X,3
20395,S92000003,P,0,2,7,5,2,1,2,1,2,5,X,X,X,4
20437,S92000003,C,X,1,3,1,2,1,1,1,1,3,X,X,X,X
20449,S92000003,P,4,2,2,1,2,1,2,1,9,3,X,X,X,4
20492,S92000003,P,1,2,2,1,1,1,1,1,2,4,X,X,X,3
20497,S92000003,P,2,1,2,1,2,1,1,1,2,3,X,X,X,4
20644,S92000003,P,1,2,2,1,1,1,1,1,2,4,X,X,X,3
20664,S92000003,P,0,2,8,5,2,1,2,1,2,5,X,X,X,4
20699,S92000003,P,2,2,2,1,1,1,1,1,1,4,X,X,X,2
20737,S92000003,P,4,2,2,4,1,2,1,4,2,4,X,X,X,1
20747,S92000003,P,1,2,2,1,1,1,2,1,1,4,X,X,X,3
20773,S92000003,P,2,2,2,1,2,1,3,1,1,3,X,X,X,4
20872,S92000003,P,4,1,2,1,1,1,1,2,1,4,X,X,X,2
20877,S92000003,C,X,2,8,2,2,1,4,1,9,5,X,X,X,X
21095,S92000003,P,4,2,4,1,2,1,1,1,1,3,X,X,X,4
21254,S92000003,P,1,1,2,1,2,1,1,1,2,3,X,X,X,4
21394,S92000003,P,1,2,2,1,1,1,1,1,1,4,X,X,X,1
21424,S92000003,P,0,2,8,5,2,1,4,1,9,5,X,X,X,3
21430,S92000003,P,4,1,2,1,2,1,2,1,2,3,X,X,X,2
21569,S92000003,C,X,2,8,5,2,1,2,1,2,5,X,X,X,X
21683,S92000003,P,2,2,6,4,2,1,3,1,2,5,X,X,X,4
21850,S92000003,C,X,2,8,5,2,1,5,1,2,5,X,X,X,X
21906,S92000003,P,0,2,7,5,2,1,1,1,2,5,X,X,X,4
21972,S92000003,P,0,2,8,5,2,1,3,1,2,5,X,X,X,4
22005,S92000003,P,0,2,2,1,1,1,1,1,9,4,X,X,X,2
22010,S92000003,C,X,1,2,1,1,1,2,1,1,4,X,X,X,X
22031,S92000003,C,X,1,2,1,1,1,1,1,9,4,X,X,X,X
22079,S92000003,P,2,1,2,1,1,1,1,1,2,4,X,X,X,4
22197,S92000003,P,0,2,8,5,2,1,1,1,2,5,X,X,X,4
22268,S92000003,P,0,2,6,5,2,2,2,3,6,5,X,X,X,4
22286,S92000003,P,1,1,2,1,1,1,2,1,1,4,X,X,X,2
22526,S92000003,P,1,1,2,1,1,1,1,1,2,4,X,X,X,2
22675,S92000003,P,0,2,4,4,2,1,2,1,2,3,X,X,X,4
22719,S92000003,P,1,1,2,1,2,1,1,1,2,3,X,X,X,4
22916,S92000003,P,0,2,8,5,2,1,2,1,2,5,X,X,X,4
22952,S92000003,P,1,2,8,2,2,1,1,1,2,5,X,X,X,1
22984,S92000003,P,1,2,2,1,1,2,1,1,2,4,X,X,X,2
23143,S92000003,P,1,2,2,1,2,1,1,1,2,3,X,X,X,3
23217,S92000003,C,X,2,8,5,2,1,3,1,2,5,X,X,X,X
23222,S92000003,P,2,2,4,1,2,1,2,1,1,3,X,X,X,4
23228,S92000003,P,1,1,2,1,2,1,2,1,1,3,X,X,X,4
23246,S92000003,P,3,1,3,1,2,1,3,1,2,3,X,X,X,3
23335,S92000003,P,0,1,3,1,2,1,4,1,1,3,X,X,X,4
23340,S92000003,C,X,1,2,1,2,1,1,1,2,5,X,X,X,X
23362,S92000003,P,2,2,2,1,1,1,1,1,2,4,X,X,X,3
23449,S92000003,P,4,1,2,1,2,1,1,1,9,3,X,X,X,4
23506,S92000003,P,1,1,3,1,2,1,1,1,1,3,X,X,X,2
23613,S92000003,C,X,1,8,2,2,1,2,1,9,5,X,X,X,X
23794,S92000003,C,X,1,8,5,2,1,3,1,9,5,X,X,X,X
23801,S92000003,P,4,2,6,5,2,2,2,3,2,5,X,X,X,4
23825,S92000003,C,X,1,4,1,2,1,3,1,2,3,X,X,X,X
23910,S92000003,P,0,2,7,5,2,1,3,1,2,5,X,X,X,4
23978,S92000003,C,X,1,3,1,1,2,1,4,2,4,X,X,X,X
24048,S92000003,P,0,2,8,5,2,1,1,1,2,5,X,X,X,4
24105,S92000003,P,1,1,2,1,1,1,1,1,1,4,X,X,X,4
24120,S92000003,P,4,2,2,1,1,1,1,1,1,4,X,X,X,4
24164,S92000003,P,0,1,2,1,2,1,1,1,2,3,X,X,X,4
24277,S92000003,P,1,1,2,1,1,1,1,1,1,4,X,X,X,1
24370,S92000003,P,4,2,2,1,1,1,1,1,2,4,X,X,X,3
24379,S92000003,P,4,2,3,1,2,1,1,1,1,3,X,X,X,4
24524,S92000003,P,0,2,8,4,2,2,5,1,2,5,X,X,X,4
24563,S92000003,P,1,2,6,2,2,1,1,1,2,5,X,X,X,3
24682,S92000003,P,1,2,7,2,2,1,4,1,9,5,X,X,X,4
24793,S92000003,C,X,1,7,4,2,1,3,1,9,5,X,X,X,X
24845,S92000003,P,4,2,3,1,2,1,2,1,1,3,X,X,X,4
24847,S92000003,P,4,2,2,1,2,1,1,1,1,3,X,X,X,2
24964,S92000003,P,4,1,2,1,1,1,3,1,1,4,X,X,X,4
25076,S92000003,P,4,2,2,1,2,1,2,1,1,3,X,X,X,4
25170,S92000003,P,0,2,8,5,2,1,2,1,2,5,X,X,X,4
25227,S92000003,P,1,1,2,1,2,1,2,1,2,3,X,X,X,3
25293,S92000003,P,4,2,2,1,2,1,1,1,1,3,X,X,X,3
25552,S92000003,C,X,1,8,4,2,1,3,1,9,5,X,X,X,X
25578,S92000003,P,0,1,2,1,1,1,1,1,2,4,X,X,X,2
25694,S92000003,P,2,2,2,1,2,1,1,1,1,3,X,X,X,4
25852,S92000003,P,0,1,2,1,2,1,2,1,1,3,X,X,X,1
25924,S92000003,P,4,2,2,1,1,1,1,1,1,4,X,X,X,2
26007,S92000003,P,2,1,2,1,2,1,1,3,1,3,X,X,X,3
26062,S92000003,P,0,1,2,1,2,1,1,1,1,3,X,X,X,4
26158,S92000003,P,5,1,6,1,2,1,2,1,2,5,X,X,X,4
26161,S92000003,C,X,1,2,1,2,1,1,1,1,3,X,X,X,X
26187,S92000003,P,1,2,8,2,2,1,4,1,2,5,X,X,X,4
26191,S92000003,P,4,2,8,5,2,1,2,1,1,5,X,X,X,4
26192,S92000003,P,1,1,2,1,2,1,1,1,1,3,X,X,X,1
26250,S92000003,P,1,2,2,1,2,1,1,1,1,3,X,X,X,1
26280,S92000003,P,4,2,8,5,2,1,3,1,2,5,X,X,X,4
26343,S92000003,C,X,2,8,5,2,1,3,1,2,5,X,X,X,X
26352,S92000003,P,2,2,2,1,2,1,1,1,1,3,X,X,X,3
26408,S92000003,P,1,1,4,2,1,1,1,1,1,4,X,X,X,2
26436,S92000003,P,1,1,2,1,2,1,1,1,9,3,X,X,X,4
26477,S92000003,P,1,2,6,2,2,2,1,1,2,5,X,X,X,3
26587,S92000003,C,X,2,8,5,2,1,2,1,2,5,X,X,X,X
26668,S92000003,P,0,2,6,4,2,1,4,1,9,5,X,X,X,4
26735,S92000003,P,4,1,2,1,1,1,2,1,1,4,X,X,X,3
26766,S92000003,P,0,2,8,4,2,2,1,1,2,5,X,X,X,4
27138,S92000003,P,4,1,2,1,2,1,1,1,2,3,X,X,X,4
27199,S92000003,P,4,1,2,1,2,1,1,1,1,3,X,X,X,1
27221,S92000003,P,0,2,2,1,2,1,2,1,1,3,X,X,X,4
27247,S92000003,P,4,2,2,1,2,1,2,1,2,3,X,X,X,2
27406,S92000003,P,1,1,2,1,1,1,1,1,2,4,X,X,X,4
27421,S92000003,P,1,2,8,2,2,1,2,1,2,5,X,X,X,3
27431,S92000003,P,0,2,6,5,2,1,1,1,1,5,X,X,X,4
27485,S92000003,P,4,1,2,1,1,1,1,1,1,4,X,X,X,4
27543,S92000003,P,0,2,8,5,2,1,3,1,2,5,X,X,X,4
27615,S92000003,P,1,2,7,2,2,2,4,3,6,5,X,X,X,3
27739,S92000003,P,0,2,8,2,2,1,3,1,2,5,X,X,X,4
27944,S92000003,P,1,1,2,1,2,1,1,1,1,3,X,X,X,2
27955,S92000003,P,1,1,2,1,1,1,2,1,1,4,X,X,X,1
27993,S92000003,P,0,2,8,5,2,1,3,1,2,5,X,X,X,4
28169,S92000003,C,X,2,8,5,2,1,4,1,9,5,X,X,X,X
28190,S92000003,P,1,1,2,1,2,1,1,1,2,3,X,X,X,2
28426,S92000003,C,X,2,8,5,2,1,3,1,2,5,X,X,X,X
28445,S92000003,C,X,1,2,1,2,1,1,1,9,3,X,X,X,X
28548,S92000003,P,4,1,2,1,1,1,1,1,2,4,X,X,X,4
28551,S92000003,P,2,1,2,1,2,1,1,1,2,3,X,X,X,4
28579,S92000003,P,2,2,2,1,2,1,3,1,2,3,X,X,X,4
28618,S92000003,P,2,1,2,1,2,1,1,1,1,3,X,X,X,4
28642,S92000003,P,0,2,8,5,2,1,3,1,2,5,X,X,X,4
28648,S92000003,P,0,2,8,5,2,1,2,1,2,5,X,X,X,4
28753,S92000003,P,1,2,2,1,2,1,2,2,1,3,X,X,X,4
28820,S92000003,P,3,1,8,3,2,1,5,1,2,5,X,X,X,4
28829,S92000003,P,1,1,2,1,2,1,1,1,9,3,X,X,X,3
28865,S92000003,P,1,2,2,1,1,1,1,1,2,4,X,X,X,3
28904,S92000003,P,1,2,7,2,2,1,1,1,2,5,X,X,X,3
29112,S92000003,P,0,2,7,5,2,1,2,1,1,5,X,X,X,4
29201,S92000003,P,4,2,2,1,2,1,2,1,1,3,X,X,X,4
29224,S92000003,P,4,2,4,1,2,1,2,1,1,3,X,X,X,4
29265,S92000003,P,0,2,2,1,1,1,1,1,9,4,X,X,X,2
29416,S92000003,P,1,2,7,2,2,1,3,1,2,5,X,X,X,4
29418,S92000003,P,4,1,3,1,2,1,1,1,2,3,X,X,X,4
29441,S92000003,P,0,1,3,1,2,2,1,4,6,3,X,X,X,4
29449,S92000003,P,1,2,7,2,2,1,4,1,2,5,X,X,X,3
29518,S92000003,P,4,2,2,1,2,1,2,1,2,3,X,X,X,4
29563,S92000003,P,2,1,2,1,2,1,2,1,1,3,X,X,X,4
29583,S92000003,P,4,2,7,5,2,1,4,1,2,5,X,X,X,4
29623,S92000003,P,5,2,2,1,1,2,1,1,1,4,X,X,X,2
29741,S92000003,P,1,2,2,1,1,1,2,1,1,4,X,X,X,4
29887,S92000003,P,0,2,7,5,2,1,2,1,2,5,X,X,X,4
29901,S92000003,P,0,1,6,4,2,1,2,1,1,5,X,X,X,4
29914,S92000003,P,1,1,2,1,2,1,3,1,2,3,X,X,X,2
30007,S92000003,P,4,2,2,1,1,1,1,1,2,4,X,X,X,3
30193,S92000003,P,0,2,8,5,2,1,3,1,2,5,X,X,X,4
30197,S92000003,C,X,2,8,1,2,1,3,1,2,5,X,X,X,X
30331,S92000003,P,5,1,3,1,2,1,2,1,1,3,X,X,X,3
30557,S92000003,P,4,1,2,1,2,1,1,1,2,3,X,X,X,2
30657,S92000003,P,2,2,3,1,2,1,1,1,1,3,X,X,X,4
30661,S92000003,P,0,2,8,5,2,1,1,1,2,5,X,X,X,4
30830,S92000003,C,X,2,8,5,2,1,2,1,2,5,X,X,X,X
30914,S92000003,P,0,2,8,5,2,1,4,1,2,5,X,X,X,4
31015,S92000003,P,1,2,2,1,2,1,1,1,1,3,X,X,X,3
31085,S92000003,P,2,1,2,1,2,1,2,1,1,3,X,X,X,4
31269,S92000003,P,1,2,2,1,1,1,1,1,2,4,X,X,X,4
31291,S92000003,P,2,1,2,1,2,1,1,1,1,3,X,X,X,2
31336,S92000003,P,0,2,8,5,2,1,4,1,9,5,X,X,X,4
31439,S92000003,P,4,1,2,1,2,1,1,1,1,3,X,X,X,4
31470,S92000003,P,1,2,2,1,2,1,2,1,1,3,X,X,X,2
31597,S92000003,P,1,2,7,2,2,1,3,1,2,5,X,X,X,4
31745,S92000003,P,5,2,4,1,2,1,3,1,1,3,X,X,X,4
31970,S92000003,P,0,2,8,5,2,1,3,1,2,5,X,X,X,4
32118,S92000003,P,3,1,2,1,2,1,1,1,2,3,X,X,X,4
32120,S92000003,P,0,2,8,1,2,1,3,1,2,5,X,X,X,4
32149,S92000003,P,2,1,2,1,1,1,1,1,1,4,X,X,X,4
32218,S92000003,P,1,1,2,1,1,1,1,1,2,4,X,X,X,2
32339,S92000003,P,2,2,2,1,2,1,2,1,2,3,X,X,X,1
32564,S92000003,P,1,1,2,1,1,1,1,1,9,4,X,X,X,2
32614,S92000003,P,3,1,2,1,2,1,1,1,2,3,X,X,X,4
32667,S92000003,P,4,2,8,5,2,1,2,1,2,5,X,X,X,4
32675,S92000003,P,5,2,2,1,2,1,1,1,2,3,X,X,X,4
32680,S92000003,P,5,2,2,1,2,1,1,1,2,3,X,X,X,4
32736,S92000003,P,4,1,2,1,2,1,1,1,2,3,X,X,X,4
32785,S92000003,P,4,1,2,1,2,1,1,1,2,3,X,X,X,2
32929,S92000003,P,0,2,6,5,2,1,3,1,1,5,X,X,X,4
33030,S92000003,P,0,2,8,5,2,1,3,1,2,5,X,X,X,4
33124,S92000003,P,1,2,8,2,2,1,3,1,2,5,X,X,X,3
33140,S92000003,P,1,2,3,2,2,1,1,1,1,3,X,X,X,4
33149,S92000003,P,0,2,3,1,2,2,1,4,1,3,X,X,X,4
33274,S92000003,P,0,1,7,3,2,1,5,1,2,5,X,X,X,4
33307,S92000003,P,3,2,2,1,1,1,2,1,1,4,X,X,X,4
33577,S92000003,P,1,2,2,1,1,1,1,1,1,4,X,X,X,3
33590,S92000003,P,0,2,8,5,2,2,2,1,2,5,X,X,X,4
33592,S92000003,P,0,2,8,5,2,2,2,1,9,5,X,X,X,4
33701,S92000003,C,X,2,8,1,2,1,3,1,2,5,X,X,X,X
33761,S92000003,P,3,2,2,1,1,1,1,1,2,4,X,X,X,3
33801,S92000003,P,3,2,2,1,1,1,1,1,2,4,X,X,X,2
33932,S92000003,C,X,2,8,5,2,1,2,1,9,5,X,X,X,X
33940,S92000003,P,4,2,2,1,1,1,1,1,2,4,X,X,X,3
33970,S92000003,P,0,2,8,5,2,2,5,1,2,5,X,X,X,4
34207,S92000003,P,0,1,7,4,2,1,1,1,2,5,X,X,X,4
34283,S92000003,P,1,1,2,1,2,1,1,1,2,3,X,X,X,2
34314,S92000003,P,0,2,2,1,2,1,2,1,9,3,X,X,X,4
34383,S92000003,P,1,2,2,1,2,1,1,1,1,3,X,X,X,4
34455,S92000003,P,0,1,4,1,2,1,2,1,1,3,X,X,X,3
34496,S92000003,P,4,1,2,1,2,1,3,1,2,3,X,X,X,2
34728,S92000003,P,2,2,2,1,2,1,1,1,2,3,X,X,X,1
34765,S92000003,P,4,2,7,5,2,1,3,1,2,5,X,X,X,4
34771,S92000003,P,4,1,2,1,1,1,2,1,1,4,X,X,X,4
34783,S92000003,P,1,2,8,2,2,1,4,1,2,5,X,X,X,4
34788,S92000003,P,1,2,2,1,2,1,1,1,2,3,X,X,X,2
34977,S92000003,P,3,1,2,1,2,1,2,1,2,3,X,X,X,3
35154,S92000003,P,3,1,4,1,2,1,1,1,2,3,X,X,X,4
35196,S92000003,C,X,1,8,5,2,1,3,1,2,5,X,X,X,X
35205,S92000003,P,5,1,3,1,1,2,1,4,2,4,X,X,X,2
35230,S92000003,C,X,2,8,1,2,1,3,1,2,5,X,X,X,X
35341,S92000003,P,0,2,8,5,2,1,2,1,2,5,X,X,X,4
35351,S92000003,P,3,1,2,1,2,1,2,1,1,3,X,X,X,4
35360,S92000003,P,2,1,5,4,2,1,2,1,2,3,X,X,X,4
35477,S92000003,P,1,1,2,1,2,1,1,1,1,3,X,X,X,4
35522,S92000003,P,1,1,2,1,1,1,1,1,2,4,X,X,X,1
35534,S92000003,P,1,2,2,1,2,1,1,1,1,3,X,X,X,3
35648,S92000003,P,1,1,3,1,2,1,1,1,2,3,X,X,X,4
35655,S92000003,P,1,2,8,2,2,1,2,1,2,5,X,X,X,4
35748,S92000003,P,0,2,8,5,2,1,3,1,2,5,X,X,X,4
35800,S92000003,P,5,1,2,1,2,1,1,1,1,3,X,X,X,3
36034,S92000003,P,1,1,2,1,2,1,1,1,2,3,X,X,X,3
36130,S92000003,P,1,1,6,2,2,1,1,1,1,5,X,X,X,4
36225,S92000003,P,1,1,2,1,2,1,1,1,2,3,X,X,X,2
36262,S92000003,P,1,2,7,2,2,1,4,1,9,5,X,X,X,4
36469,S92000003,P,2,2,2,1,1,1,1,1,2,4,X,X,X,2
36520,S92000003,P,1,1,8,2,2,1,2,1,2,5,X,X,X,4
36539,S92000003,P,0,1,2,1,1,1,1,1,1,4,X,X,X,2
36541,S92000003,P,1,2,2,1,2,1,1,1,1,3,X,X,X,4
36656,S92000003,P,4,1,2,1,1,1,1,1,1,4,X,X,X,2
36666,S92000003,P,0,2,2,1,2,1,3,1,1,3,X,X,X,4
36708,S92000003,P,0,2,8,5,2,1,2,1,2,5,X,X,X,4
36730,S92000003,P,1,2,7,2,2,2,5,3,6,5,X,X,X,4
36758,S92000003,C,X,1,2,1,1,1,1,1,2,4,X,X,X,X
36812,S92000003,P,4,1,2,1,2,1,1,1,2,3,X,X,X,4
36845,S92000003,P,0,2,8,5,2,1,4,1,9,5,X,X,X,4
36955,S92000003,P,1,2,5,2,2,1,3,1,9,3,X,X,X,3
36973,S92000003,P,4,1,2,1,2,1,2,1,2,3,X,X,X,4
37137,S92000003,P,1,2,2,1,1,1,2,1,1,4,X,X,X,1
37200,S92000003,P,1,2,8,2,2,1,1,1,2,5,X,X,X,4
37353,S92000003,P,1,2,2,1,1,1,1,1,1,4,X,X,X,3
37503,S92000003,P,1,1,2,1,2,1,2,1,1,3,X,X,X,2
37722,S92000003,P,0,2,8,5,2,1,1,1,1,5,X,X,X,4
37752,S92000003,P,4,1,2,1,1,1,1,1,1,4,X,X,X,4
37795,S92000003,P,4,2,2,1,1,1,1,1,1,4,X,X,X,4
37817,S92000003,P,1,2,7,2,2,1,2,1,1,5,X,X,X,4
37862,S92000003,C,X,2,8,2,2,1,3,1,1,5,X,X,X,X
37953,S92000003,P,2,1,2,1,1,1,1,1,1,4,X,X,X,4
38069,S92000003,P,1,1,4,2,2,2,2,3,6,3,X,X,X,4
38116,S92000003,C,X,1,8,5,2,1,3,1,2,5,X,X,X,X
38129,S92000003,P,3,1,3,1,1,1,1,1,1,4,X,X,X,3
38142,S92000003,P,0,2,8,5,2,1,4,1,2,5,X,X,X,4
38251,S92000003,P,0,2,7,1,2,1,5,1,2,5,X,X,X,3
38265,S92000003,P,2,1,2,1,2,1,1,1,1,3,X,X,X,3
38290,S92000003,P,0,2,8,5,2,1,5,1,2,5,X,X,X,3
38385,S92000003,P,0,2,7,4,2,1,3,1,2,5,X,X,X,4
38387,S92000003,P,1,1,2,1,2,1,2,1,1,3,X,X,X,2
38541,S92000003,P,1,2,8,2,2,1,4,1,2,5,X,X,X,3
38552,S92000003,P,0,2,2,1,2,1,1,1,1,3,X,X,X,4
38607,S92000003,P,4,2,2,1,2,1,1,1,2,3,X,X,X,4
38613,S92000003,P,1,1,2,1,2,1,1,3,1,3,X,X,X,3
38640,S92000003,P,0,1,6,1,2,2,4,3,6,5,X,X,X,4
38673,S92000003,P,0,1,7,1,2,1,4,1,1,5,X,X,X,4
38708,S92000003,P,0,1,3,1,2,2,2,4,6,3,X,X,X,4
38745,S92000003,P,0,2,8,5,2,1,4,1,2,5,X,X,X,4
38748,S92000003,P,0,2,8,5,2,1,4,1,2,5,X,X,X,4
38863,S92000003,P,1,2,8,2,2,1,2,1,2,5,X,X,X,4
39073,S92000003,P,4,1,2,1,2,1,2,1,1,3,X,X,X,4
39096,S92000003,P,0,2,8,5,2,1,3,1,2,5,X,X,X,4
39216,S92000003,P,1,1,2,1,1,1,1,1,2,4,X,X,X,3
39237,S92000003,P,0,2,7,1,2,1,3,1,1,5,X,X,X,4
39505,S92000003,P,4,2,3,1,2,1,2,1,1,3,X,X,X,4
39539,S92000003,P,0,2,8,5,2,1,4,1,1,5,X,X,X,4
39592,S92000003,P,4,1,2,1,2,1,1,1,1,3,X,X,X,4
39609,S92000003,P,1,2,2,1,1,1,1,1,1,4,X,X,X,4
39783,S92000003,P,1,2,2,1,1,1,1,1,2,4,X,X,X,2
39808,S92000003,P,0,2,8,1,2,1,3,1,2,5,X,X,X,4
39938,S92000003,P,4,1,2,1,2,1,1,1,1,3,X,X,X,2
40041,S92000003,P,2,2,2,1,2,1,2,1,1,3,X,X,X,4
40069,S92000003,C,X,2,7,1,2,1,4,1,1,5,X,X,X,X
40119,S92000003,P,0,2,8,5,2,1,2,1,2,5,X,X,X,4
40135,S92000003,P,1,2,2,1,2,1,1,1,2,3,X,X,X,3
40156,S92000003,C,X,2,7,1,2,1,3,1,1,5,X,X,X,X
40230,S92000003,P,2,1,2,1,2,1,2,1,1,3,X,X,X,3
40288,S92000003,P,4,1,3,1,1,1,1,1,1,4,X,X,X,4
40295,S92000003,P,0,1,2,1,2,1,2,1,1,3,X,X,X,4
40443,S92000003,P,1,1,2,1,2,2,1,4,2,3,X,X,X,2
40628,S92000003,P,1,1,2,1,2,1,3,1,2,3,X,X,X,3
40665,S92000003,P,0,1,2,1,1,2,3,3,6,4,X,X,X,2
40820,S92000003,P,0,2,7,5,2,2,2,3,6,5,X,X,X,1
40857,S92000003,P,0,2,8,5,2,1,3,1,2,5,X,X,X,4
40884,S92000003,P,0,1,2,1,2,1,3,1,1,3,X,X,X,4
41055,S92000003,P,4,2,2,1,1,1,1,1,1,4,X,X,X,2
41057,S92000003,P,0,1,4,1,2,1,4,1,2,5,X,X,X,4
41223,S92000003,P,2,1,2,1,2,1,1,1,1,3,X,X,X,4
41261,S92000003,P,1,2,7,2,2,1,3,1,2,5,X,X,X,4
41276,S92000003,P,1,2,8,2,2,1,3,1,2,5,X,X,X,4
41292,S92000003,P,0,2,7,2,2,1,5,1,2,5,X,X,X,4
41428,S92000003,P,1,1,2,1,2,1,1,1,9,3,X,X,X,3
41453,S92000003,P,4,2,4,3,2,1,1,1,2,3,X,X,X,4
41460,S92000003,P,0,2,8,4,2,1,2,1,1,5,X,X,X,4
41692,S92000003,P,1,1,2,1,1,1,1,1,1,4,X,X,X,1
41731,S92000003,C,X,2,8,5,2,1,4,1,2,5,X,X,X,X
41782,S92000003,P,4,1,2,1,1,1,1,1,2,4,X,X,X,4
41798,S92000003,P,1,2,2,1,2,1,1,1,2,3,X,X,X,3
41866,S92000003,P,4,1,2,1,2,1,1,1,1,3,X,X,X,4
41874,S92000003,P,0,1,2,1,2,1,2,1,1,3,X,X,X,4
41890,S92000003,P,4,2,4,1,2,1,2,1,2,3,X,X,X,4
41905,S92000003,P,5,2,5,1,2,1,5,1,9,5,X,X,X,4
42116,S92000003,P,1,1,2,1,2,2,1,1,9,3,X,X,X,1
42121,S92000003,P,1,2,3,2,2,2,1,3,4,3,X,X,X,1
42168,S92000003,P,5,2,5,2,2,2,3,3,7,3,X,X,X,2
42441,S92000003,C,X,2,8,5,2,1,2,1,9,5,X,X,X,X
42931,S92000003,P,1,2,2,1,1,1,2,1,2,4,X,X,X,2
42949,S92000003,P,2,1,2,1,1,1,1,1,1,4,X,X,X,2
43064,S92000003,P,1,1,7,2,2,1,2,1,2,5,X,X,X,4
43097,S92000003,C,X,2,7,1,2,1,5,1,2,5,X,X,X,X
43146,S92000003,P,4,2,3,4,2,1,2,1,2,3,X,X,X,4
43173,S92000003,P,2,1,2,1,1,1,1,1,1,4,X,X,X,1
43199,S92000003,P,2,2,2,1,2,1,1,1,2,3,X,X,X,2
43205,S92000003,C,X,2,8,5,2,1,3,1,9,5,X,X,X,X
43235,S92000003,P,0,2,7,5,2,2,5,3,6,5,X,X,X,2
43450,S92000003,C,X,2,8,1,2,1,2,1,2,5,X,X,X,X
43531,S92000003,P,0,2,6,4,2,1,3,1,2,5,X,X,X,4
43610,S92000003,P,4,2,8,5,2,1,2,1,2,5,X,X,X,4
43618,S92000003,P,2,1,4,1,2,1,1,1,2,3,X,X,X,4
43649,S92000003,P,0,2,8,5,2,1,3,1,2,5,X,X,X,4
43664,S92000003,P,4,1,2,1,2,1,1,1,9,3,X,X,X,4
43791,S92000003,P,1,2,6,2,2,2,3,3,6,5,X,X,X,2
43854,S92000003,P,2,1,2,1,1,1,1,1,1,4,X,X,X,2
43920,S92000003,P,0,1,2,1,2,2,1,1,1,3,X,X,X,4
44072,S92000003,P,1,2,6,2,2,1,2,1,1,5,X,X,X,1
44109,S92000003,P,2,2,2,1,2,1,1,1,1,3,X,X,X,1
44132,S92000003,P,4,1,2,1,2,1,1,1,1,3,X,X,X,4
44203,S92000003,P,4,1,2,1,2,1,2,1,9,3,X,X,X,1
44237,S92000003,P,0,1,2,1,1,1,1,1,1,4,X,X,X,1
44260,S92000003,P,0,1,4,1,2,1,3,1,2,3,X,X,X,4
44277,S92000003,P,4,2,2,1,1,1,1,1,1,4,X,X,X,3
44329,S92000003,P,1,1,2,1,1,1,1,1,2,4,X,X,X,1
44474,S92000003,P,0,2,8,4,2,1,2,1,2,5,X,X,X,4
44509,S92000003,P,0,2,2,1,2,1,1,1,1,3,X,X,X,4
44511,S92000003,P,4,2,2,1,1,1,2,1,2,4,X,X,X,2
44624,S92000003,P,1,2,7,2,2,2,1,1,2,5,X,X,X,1
44625,S92000003,P,1,2,7,2,2,1,3,1,2,5,X,X,X,2
44806,S92000003,P,3,1,2,1,2,1,1,1,1,3,X,X,X,4
45039,S92000003,P,5,1,3,1,2,1,2,1,1,3,X,X,X,4
45117,S92000003,P,4,1,2,1,2,1,1,1,2,3,X,X,X,2
45126,S92000003,P,1,2,2,1,2,1,2,1,2,3,X,X,X,4
45302,S92000003,P,1,1,2,1,2,1,1,1,2,3,X,X,X,3
45309,S92000003,P,1,2,7,2,2,1,3,1,1,5,X,X,X,4
45354,S92000003,P,0,1,8,5,2,1,3,1,9,5,X,X,X,4
45409,S92000003,P,4,2,2,1,2,1,1,1,9,3,X,X,X,3
45510,S92000003,P,1,2,8,2,2,1,4,1,2,5,X,X,X,4
45550,S92000003,P,4,2,2,1,1,1,1,1,9,4,X,X,X,4
45608,S92000003,P,1,2,2,1,1,1,2,1,1,4,X,X,X,3
45737,S92000003,P,4,1,5,1,2,1,5,1,2,3,X,X,X,4
45746,S92000003,P,4,1,2,1,2,1,2,1,1,3,X,X,X,2
45781,S92000003,P,1,1,2,1,1,1,1,1,1,4,X,X,X,3
45835,S92000003,P,1,1,2,1,2,1,1,1,1,3,X,X,X,1
45999,S92000003,P,0,2,8,5,2,2,2,1,1,5,X,X,X,4
46004,S92000003,P,0,2,7,4,2,1,3,1,1,5,X,X,X,4
46021,S92000003,P,0,2,8,5,2,2,4,3,7,5,X,X,X,1
46094,S92000003,C,X,2,2,1,1,2,1,3,1,4,X,X,X,X
46116,S92000003,C,X,2,8,5,2,1,4,1,9,5,X,X,X,X
46225,S92000003,P,0,2,8,1,2,1,3,1,2,5,X,X,X,4
46443,S92000003,C,X,2,8,5,2,1,2,1,9,5,X,X,X,X
46495,S92000003,C,X,2,8,5,2,1,3,1,2,5,X,X,X,X
46549,S92000003,P,0,2,8,5,2,1,3,1,1,5,X,X,X,4
46598,S92000003,P,4,1,2,1,2,1,1,1,2,3,X,X,X,2
46681,S92000003,P,1,2,7,2,2,1,2,1,2,5,X,X,X,2
46799,S92000003,P,4,1,2,1,1,1,1,1,1,4,X,X,X,2
46820,S92000003,P,0,2,7,5,2,1,1,1,2,5,X,X,X,4
46825,S92000003,P,0,2,8,5,2,1,2,1,2,5,X,X,X,4
46838,S92000003,P,1,2,2,1,2,1,1,1,1,3,X,X,X,4
46881,S92000003,P,1,1,2,1,1,1,1,1,1,4,X,X,X,2
46935,S92000003,P,1,1,3,1,2,1,2,1,1,3,X,X,X,3
46937,S92000003,P,0,2,8,5,2,1,3,1,2,5,X,X,X,4
46942,S92000003,P,0,2,2,1,2,1,2,1,1,3,X,X,X,4
46946,S92000003,P,0,2,8,5,2,1,2,1,2,5,X,X,X,4
47067,S92000003,P,0,2,8,5,2,1,3,1,2,5,X,X,X,4
47097,S92000003,P,0,1,3,1,2,1,2,1,1,3,X,X,X,4
47213,S92000003,P,4,1,2,5,2,1,2,1,2,3,X,X,X,4
47249,S92000003,P,0,1,2,1,2,1,2,1,2,3,X,X,X,4
47252,S92000003,P,4,2,4,1,2,1,4,1,1,3,X,X,X,4
47322,S92000003,P,0,1,4,1,2,1,1,1,2,3,X,X,X,3
47368,S92000003,P,0,2,6,5,2,1,1,1,2,3,X,X,X,4
47381,S92000003,P,4,1,2,1,2,1,1,1,2,3,X,X,X,4
47395,S92000003,P,4,1,2,1,2,1,1,1,2,3,X,X,X,4
47435,S92000003,P,4,2,2,1,2,1,1,1,1,3,X,X,X,4
47513,S92000003,P,1,1,7,2,2,1,3,1,2,5,X,X,X,4
47517,S92000003,P,0,1,7,5,2,1,3,1,1,5,X,X,X,4
47731,S92000003,P,1,1,2,1,1,1,2,1,2,4,X,X,X,2
48010,S92000003,P,5,2,8,1,2,1,1,1,2,5,X,X,X,4
48077,S92000003,P,1,1,2,1,1,1,1,1,9,4,X,X,X,3
48242,S92000003,P,4,2,7,4,2,1,1,1,1,5,X,X,X,4
48264,S92000003,P,5,2,2,1,1,2,1,4,2,4,X,X,X,2
48424,S92000003,P,1,2,2,1,1,1,1,1,1,4,X,X,X,2
48627,S92000003,P,0,1,8,1,2,1,3,1,2,5,X,X,X,4
48655,S92000003,P,4,2,2,1,1,1,1,1,2,4,X,X,X,4
48671,S92000003,P,1,2,7,2,2,1,3,1,2,5,X,X,X,4
48854,S92000003,P,1,1,2,1,1,1,1,1,9,4,X,X,X,3
48913,S92000003,P,2,1,2,1,1,1,1,1,1,4,X,X,X,4
49029,S92000003,P,1,1,7,2,2,2,1,3,7,5,X,X,X,4
49056,S92000003,P,0,1,4,1,2,1,2,1,1,3,X,X,X,4
49131,S92000003,P,1,2,2,1,1,1,1,1,1,4,X,X,X,2
49327,S92000003,P,4,1,2,1,2,1,2,1,2,3,X,X,X,4
49426,S92000003,P,1,2,2,1,1,1,1,1,2,4,X,X,X,2
49595,S92000003,C,X,2,2,1,1,1,1,1,1,4,X,X,X,X
49649,S92000003,P,0,2,7,2,2,1,5,1,2,5,X,X,X,4
49762,S92000003,P,3,1,2,1,1,2,2,1,9,4,X,X,X,2
49863,S92000003,P,1,2,5,2,2,2,1,4,6,3,X,X,X,2
49922,S92000003,P,0,2,8,5,2,1,2,1,1,5,X,X,X,4
50068,S92000003,P,4,2,2,1,2,1,1,1,1,3,X,X,X,4
50191,S92000003,P,2,2,7,5,2,1,2,1,1,5,X,X,X,4
50395,S92000003,P,4,1,2,1,1,1,2,1,1,4,X,X,X,2
50450,S92000003,P,4,1,2,1,2,1,2,1,2,3,X,X,X,4
50495,S92000003,C,X,2,8,5,2,1,3,1,1,5,X,X,X,X
50563,S92000003,P,0,2,8,5,2,2,3,1,2,5,X,X,X,4
50578,S92000003,P,4,2,4,1,2,1,1,1,2,3,X,X,X,4
50584,S92000003,P,4,1,2,1,2,1,2,1,1,3,X,X,X,4
50695,S92000003,P,0,2,3,3,2,1,1,1,2,3,X,X,X,4
50715,S92000003,P,1,1,2,1,2,2,1,1,9,3,X,X,X,3
50990,S92000003,P,3,1,2,1,2,1,2,1,2,3,X,X,X,3
51168,S92000003,P,4,1,2,1,2,1,2,1,1,3,X,X,X,4
51241,S92000003,C,X,1,7,1,2,1,2,1,2,5,X,X,X,X
51248,S92000003,P,1,2,2,1,2,1,1,1,1,3,X,X,X,2
51250,S92000003,P,1,2,6,2,2,1,3,1,2,5,X,X,X,4
51281,S92000003,C,X,1,8,1,2,1,3,1,2,5,X,X,X,X
51294,S92000003,P,1,1,2,1,2,1,1,1,2,3,X,X,X,1
51386,S92000003,C,X,2,2,1,1,1,1,1,2,4,X,X,X,X
51399,S92000003,C,X,2,2,1,1,1,1,1,2,4,X,X,X,X
51451,S92000003,P,0,1,4,1,2,1,3,1,1,3,X,X,X,4
51491,S92000003,P,1,2,4,2,2,2,1,3,6,3,X,X,X,1
51700,S92000003,P,1,1,6,2,2,2,3,1,2,3,X,X,X,4
51814,S92000003,P,0,2,8,5,2,1,3,1,1,5,X,X,X,4
51822,S92000003,P,4,1,2,1,2,1,1,1,1,3,X,X,X,4
51902,S92000003,P,1,2,7,2,2,1,5,1,2,5,X,X,X,4
51988,S92000003,P,1,2,6,2,2,1,1,1,2,5,X,X,X,4
52353,S92000003,P,1,2,3,2,2,1,1,1,9,3,X,X,X,4
52519,S92000003,P,0,2,7,5,2,1,2,1,9,5,X,X,X,4
52576,S92000003,P,1,1,2,1,2,1,1,1,9,3,X,X,X,2
52592,S92000003,P,4,1,2,1,2,1,1,1,2,3,X,X,X,4
52613,S92000003,P,0,2,8,5,2,1,3,1,2,5,X,X,X,4
52728,S92000003,P,1,2,2,1,2,1,3,1,1,3,X,X,X,4
52767,S92000003,P,0,2,8,5,2,1,5,1,2,5,X,X,X,4
52865,S92000003,P,1,2,2,1,1,1,1,1,2,4,X,X,X,1
52908,S92000003,P,1,1,2,1,2,1,1,1,2,3,X,X,X,4
52938,S92000003,P,4,2,2,1,1,1,1,1,1,4,X,X,X,2
52992,S92000003,P,1,1,2,1,2,1,1,1,9,3,X,X,X,3
53114,S92000003,C,X,2,2,1,2,1,2,1,1,3,X,X,X,X
53212,S92000003,P,1,1,3,1,2,1,3,1,1,3,X,X,X,2
53231,S92000003,P,0,2,8,5,2,1,4,1,9,5,X,X,X,4
53303,S92000003,C,X,2,8,5,2,1,5,1,2,5,X,X,X,X
53380,S92000003,P,4,2,2,1,2,1,1,1,1,3,X,X,X,3
53398,S92000003,P,1,1,2,1,2,1,1,1,2,3,X,X,X,3
53543,S92000003,P,0,1,6,5,2,1,3,1,9,3,X,X,X,4
53716,S92000003,C,X,2,8,5,2,1,3,1,2,5,X,X,X,X
53944,S92000003,P,4,2,2,1,1,1,1,1,2,4,X,X,X,4
54090,S92000003,P,1,2,2,1,2,1,1,1,1,3,X,X,X,4
54307,S92000003,C,X,1,7,1,2,1,3,1,9,5,X,X,X,X
54343,S92000003,P,1,2,6,2,2,1,2,1,1,5,X,X,X,3
54485,S92000003,P,5,1,6,1,2,1,3,1,2,5,X,X,X,4
54502,S92000003,P,4,1,2,1,2,1,2,1,1,3,X,X,X,4
54825,S92000003,P,1,2,2,1,2,1,1,1,2,3,X,X,X,1
54879,S92000003,C,X,2,8,1,2,1,3,1,2,5,X,X,X,X
54963,S92000003,P,2,1,2,1,2,1,2,1,2,3,X,X,X,2
54970,S92000003,P,4,1,2,1,1,1,2,1,2,4,X,X,X,4
55071,S92000003,P,0,1,7,5,2,1,3,1,2,5,X,X,X,4
55088,S92000003,C,X,1,8,5,2,1,3,1,9,5,X,X,X,X
55093,S92000003,P,0,1,2,1,1,2,2,3,9,4,X,X,X,2
55106,S92000003,P,5,1,2,1,1,2,2,6,6,4,X,X,X,2
55111,S92000003,P,4,1,2,1,1,2,1,4,2,4,X,X,X,2
55557,S92000003,P,0,1,8,4,2,1,3,1,2,5,X,X,X,4
55688,S92000003,P,1,1,2,1,1,1,2,1,1,4,X,X,X,1
55703,S92000003,P,0,2,8,5,2,1,4,1,2,5,X,X,X,4
55814,S92000003,P,1,1,2,1,2,1,1,1,2,3,X,X,X,2
55820,S92000003,P,4,2,2,1,2,1,1,1,2,3,X,X,X,4
55834,S92000003,P,4,2,2,1,2,1,1,1,1,3,X,X,X,4
55943,S92000003,P,4,2,8,5,2,1,3,1,9,5,X,X,X,3
55962,S92000003,C,X,2,8,2,2,1,4,1,2,5,X,X,X,X
56049,S92000003,C,X,2,8,5,2,1,2,1,2,5,X,X,X,X
56057,S92000003,P,4,2,7,5,2,1,1,1,2,5,X,X,X,4
56184,S92000003,P,1,2,8,2,2,1,2,1,2,5,X,X,X,4
56232,S92000003,P,1,2,6,2,2,1,3,1,2,5,X,X,X,4
56238,S92000003,P,2,2,2,1,2,1,1,1,2,3,X,X,X,2
56278,S92000003,P,1,2,5,2,2,1,1,1,2,3,X,X,X,4
56292,S92000003,P,1,1,2,1,2,1,1,1,1,3,X,X,X,1
56328,S92000003,P,4,2,2,1,2,1,2,1,1,3,X,X,X,4
56338,S92000003,P,1,2,8,2,2,1,4,1,1,5,X,X,X,4
56376,S92000003,P,2,1,4,3,2,1,3,1,1,3,X,X,X,4
56718,S92000003,P,3,1,2,1,1,2,1,6,6,4,X,X,X,4
56758,S92000003,P,1,2,8,2,2,2,3,3,1,5,X,X,X,4
56803,S92000003,P,1,2,6,2,2,2,4,3,6,5,X,X,X,4
56817,S92000003,P,1,2,5,2,2,2,3,3,3,3,X,X,X,4
56969,S92000003,P,1,2,4,2,2,1,2,1,1,3,X,X,X,3
57057,S92000003,P,0,1,2,1,2,2,1,1,2,3,X,X,X,4
57094,S92000003,P,0,2,2,1,1,2,2,1,1,4,X,X,X,2
57187,S92000003,P,4,2,8,5,2,1,2,1,2,5,X,X,X,4
57261,S92000003,P,4,2,5,4,2,1,1,1,2,3,X,X,X,4
57287,S92000003,P,4,1,2,1,2,1,1,1,1,3,X,X,X,4
57296,S92000003,P,4,2,8,5,2,2,2,1,2,5,X,X,X,4
57334,S92000003,P,0,2,8,5,2,1,1,1,2,5,X,X,X,4
57398,S92000003,P,1,2,6,2,2,1,2,1,2,5,X,X,X,4
57407,S92000003,P,1,2,2,1,1,1,1,1,1,4,X,X,X,4
57413,S92000003,P,1,1,2,1,2,1,2,1,1,3,X,X,X,2
57473,S92000003,C,X,2,8,2,2,2,2,1,1,5,X,X,X,X
57480,S92000003,P,1,2,8,2,2,1,2,1,2,5,X,X,X,4
57621,S92000003,P,0,2,6,2,2,1,3,1,9,5,X,X,X,4
57778,S92000003,C,X,1,8,5,2,1,5,1,2,5,X,X,X,X
57959,S92000003,P,2,1,2,1,2,1,1,1,1,3,X,X,X,4
57981,S92000003,P,4,2,2,1,2,1,1,1,2,3,X,X,X,4
58074,S92000003,P,3,1,2,1,1,2,2,4,2,4,X,X,X,3
58094,S92000003,P,1,2,2,1,1,1,1,1,1,4,X,X,X,3
58492,S92000003,P,1,2,7,2,2,1,2,1,2,5,X,X,X,4
58512,S92000003,P,5,1,3,1,1,2,1,3,6,4,X,X,X,2
58545,S92000003,P,0,1,8,1,2,1,5,1,9,5,X,X,X,4
58567,S92000003,P,0,2,8,2,2,1,5,1,2,5,X,X,X,4
58639,S92000003,P,1,2,8,2,2,1,2,1,2,5,X,X,X,4
58697,S92000003,P,1,1,2,1,2,1,1,1,1,3,X,X,X,2
58871,S92000003,P,0,2,7,5,2,1,3,1,2,5,X,X,X,4
58918,S92000003,P,4,2,2,1,1,2,1,1,1,4,X,X,X,2
59175,S92000003,P,3,1,2,1,2,1,1,1,1,3,X,X,X,4
59179,S92000003,P,2,2,2,1,1,1,3,1,1,4,X,X,X,2
59454,S92000003,P,0,2,2,1,1,1,2,1,1,4,X,X,X,2
59569,S92000003,C,X,2,8,5,2,1,3,1,2,5,X,X,X,X
59673,S92000003,C,X,1,2,1,1,1,1,1,1,4,X,X,X,X
59813,S92000003,C,X,2,8,5,2,1,4,1,2,5,X,X,X,X
59817,S92000003,P,4,2,3,1,2,1,1,1,1,3,X,X,X,4
59827,S92000003,P,0,2,8,5,2,1,2,1,2,5,X,X,X,4
59839,S92000003,P,4,2,2,1,1,1,2,1,2,4,X,X,X,4
59843,S92000003,P,4,1,2,1,2,1,1,1,1,3,X,X,X,2
59982,S92000003,P,0,1,2,1,2,1,1,1,2,3,X,X,X,4
60228,S92000003,P,0,1,3,1,1,2,1,4,2,4,X,X,X,2
60229,S92000003,P,1,2,2,1,1,2,1,4,2,4,X,X,X,1
60267,S92000003,P,4,2,2,1,2,1,1,1,1,3,X,X,X,4
60294,S92000003,C,X,2,8,2,2,1,3,1,9,5,X,X,X,X
60377,S92000003,P,3,2,2,1,2,1,1,1,2,3,X,X,X,4
60409,S92000003,P,2,1,2,1,1,2,1,1,1,4,X,X,X,1
60436,S92000003,P,0,2,8,1,2,1,2,1,9,5,X,X,X,4
60461,S92000003,P,1,2,8,2,2,1,1,1,2,5,X,X,X,4
60463,S92000003,C,X,2,7,3,2,1,3,1,9,5,X,X,X,X
60469,S92000003,P,1,1,2,1,2,2,1,1,2,3,X,X,X,1
60558,S92000003,C,X,2,7,5,2,1,3,1,2,5,X,X,X,X
60613,S92000003,P,1,1,2,1,2,1,3,1,1,3,X,X,X,4
60634,S92000003,P,4,1,2,1,2,2,3,1,1,3,X,X,X,2
60847,S92000003,P,4,1,2,1,1,1,1,1,1,4,X,X,X,2
61026,S92000003,P,4,2,2,1,1,2,1,1,2,4,X,X,X,4
61091,S92000003,P,2,2,2,1,1,1,1,1,2,4,X,X,X,4
61453,S92000003,P,0,2,8,5,2,1,1,1,2,5,X,X,X,4
61534,S92000003,P,0,2,8,5,2,1,3,1,2,5,X,X,X,4
61640,S92000003,P,1,2,2,1,1,1,2,1,2,4,X,X,X,2
61658,S92000003,P,4,2,2,1,2,1,1,1,2,3,X,X,X,4
61751,S92000003,P,1,2,6,2,2,1,1,1,2,5,X,X,X,3
61918,S92000003,P,1,1,2,1,1,1,1,1,1,4,X,X,X,3
61921,S92000003,P,1,1,2,1,1,1,1,3,6,4,X,X,X,4
61979,S92000003,P,1,2,6,2,2,2,3,1,2,5,X,X,X,4
62026,S92000003,P,1,2,8,2,2,1,1,1,9,5,X,X,X,4
62042,S92000003,C,X,2,2,1,1,2,2,3,9,4,X,X,X,X
62050,S92000003,P,4,2,2,1,2,1,1,1,1,3,X,X,X,4
62056,S92000003,P,4,1,2,1,2,1,1,1,9,3,X,X,X,4
62204,S92000003,P,1,1,6,2,2,2,2,3,1,5,X,X,X,4
62233,S92000003,P,1,2,7,2,2,1,3,1,2,5,X,X,X,4
62295,S92000003,P,0,2,8,5,2,1,2,1,2,5,X,X,X,4
62343,S92000003,P,0,2,8,5,2,1,2,1,2,5,X,X,X,4
62357,S92000003,P,4,2,2,1,2,1,1,1,1,3,X,X,X,4
62462,S92000003,P,0,2,7,5,2,1,2,1,2,5,X,X,X,4
62532,S92000003,P,2,1,2,1,2,1,1,1,1,3,X,X,X,4
62534,S92000003,P,0,1,2,1,2,1,1,1,1,3,X,X,X,4
62571,S92000003,P,0,2,8,5,2,1,2,1,2,5,X,X,X,4
62706,S92000003,P,5,1,2,1,2,2,2,3,1,3,X,X,X,4
62734,S92000003,P,1,2,7,2,2,2,2,1,1,5,X,X,X,4
62777,S92000003,P,1,1,2,1,1,2,1,3,6,4,X,X,X,4
62788,S92000003,P,4,1,2,1,1,1,1,3,7,4,X,X,X,2
62797,S92000003,P,5,2,7,2,2,1,2,1,9,5,X,X,X,4
62916,S92000003,P,2,2,3,1,2,1,2,1,1,3,X,X,X,3
62999,S92000003,P,1,1,2,1,2,1,2,1,9,3,X,X,X,3
63014,S92000003,P,4,2,3,1,2,1,1,1,2,3,X,X,X,4
63029,S92000003,P,1,2,7,2,2,1,2,1,1,5,X,X,X,2
63044,S92000003,P,2,2,2,1,1,1,1,1,1,4,X,X,X,3
63138,S92000003,P,0,1,7,5,2,1,3,1,2,5,X,X,X,4
63185,S92000003,P,1,2,4,2,2,2,3,3,6,3,X,X,X,3
63202,S92000003,P,0,2,6,3,2,1,4,1,2,5,X,X,X,4
63315,S92000003,C,X,1,7,5,2,1,2,1,1,5,X,X,X,X
63359,S92000003,P,1,1,3,1,2,1,2,1,1,3,X,X,X,4
